Team,Year,Division,Conference
Abilene Christian,2020,IAA,Southland
Air Force,2020,IA,MWC
Akron,2020,IA,MAC
Alabama,2020,IA,SEC
Alabama - Birmingham,2020,IA,CUSA
Alabama A&M,2020,IAA,SWAC
Alabama State,2020,IAA,SWAC
Albany,2020,IAA,Colonial
Alcorn State,2020,IAA,SWAC
Appalachian State,2020,IA,Sun_Belt
Arizona,2020,IA,PAC_12
Arizona State,2020,IA,PAC_12
Arkansas,2020,IA,SEC
Arkansas - Pine Bluff,2020,IAA,SWAC
Arkansas State,2020,IA,Sun_Belt
Army,2020,IA,Indep
Auburn,2020,IA,SEC
Austin Peay,2020,IAA,Ohio_V
Ball State,2020,IA,MAC
Baylor,2020,IA,Big_12
Bethune - Cookman,2020,IAA,MEAC
Boise State,2020,IA,MWC
Boston College,2020,IA,ACC
Bowling Green,2020,IA,MAC
Brigham Young,2020,IA,Indep
Brown,2020,IAA,Ivy
Bryant,2020,IAA,NE
Bucknell,2020,IAA,Patriot
Buffalo,2020,IA,MAC
Butler,2020,IAA,Pioneer
California,2020,IA,PAC_12
California - Davis,2020,IAA,Big_Sky
California - Los Angeles,2020,IA,PAC_12
California Poly,2020,IAA,Big_Sky
Campbell,2020,IAA,Big_South
Central Arkansas,2020,IAA,Southland
Central Connecticut,2020,IAA,NE
Central Florida,2020,IA,Amer_Athl
Central Michigan,2020,IA,MAC
Charleston Southern,2020,IAA,Big_South
Cincinnati,2020,IA,Amer_Athl
Clemson,2020,IA,ACC
Coastal Carolina,2020,IA,Sun_Belt
Colgate,2020,IAA,Patriot
Colorado,2020,IA,PAC_12
Colorado State,2020,IA,MWC
Columbia,2020,IAA,Ivy
Connecticut,2020,IA,Amer_Athl
Cornell,2020,IAA,Ivy
Dartmouth,2020,IAA,Ivy
Davidson,2020,IAA,Pioneer
Dayton,2020,IAA,Pioneer
Delaware,2020,IAA,Colonial
Delaware State,2020,IAA,MEAC
Drake,2020,IAA,Pioneer
Duke,2020,IA,ACC
Duquesne,2020,IAA,NE
East Carolina,2020,IA,Amer_Athl
East Tennessee State,2020,IAA,Southern
Eastern Illinois,2020,IAA,Ohio_V
Eastern Kentucky,2020,IAA,Ohio_V
Eastern Michigan,2020,IA,MAC
Eastern Washington,2020,IAA,Big_Sky
Elon,2020,IAA,Colonial
Florida,2020,IA,SEC
Florida A&M,2020,IAA,MEAC
Florida Atlantic,2020,IA,CUSA
Florida International,2020,IA,CUSA
Florida State,2020,IA,ACC
Fordham,2020,IAA,Patriot
Fresno State,2020,IA,MWC
Furman,2020,IAA,Southern
Gardner - Webb,2020,IAA,Big_South
Georgetown,2020,IAA,Patriot
Georgia,2020,IA,SEC
Georgia Southern,2020,IA,Sun_Belt
Georgia State,2020,IA,Sun_Belt
Georgia Tech,2020,IA,ACC
Grambling,2020,IAA,SWAC
Hampton,2020,IAA,Big_South
Harvard,2020,IAA,Ivy
Hawaii,2020,IA,MWC
Holy Cross,2020,IAA,Patriot
Houston,2020,IA,Amer_Athl
Houston Baptist,2020,IAA,Southland
Howard,2020,IAA,MEAC
Idaho,2020,IAA,Big_Sky
Idaho State,2020,IAA,Big_Sky
Illinois,2020,IA,Big_Ten
Illinois State,2020,IAA,Missouri_V
Incarnate Word,2020,IAA,Southland
Indiana,2020,IA,Big_Ten
Indiana State,2020,IAA,Missouri_V
Iowa,2020,IA,Big_Ten
Iowa State,2020,IA,Big_12
Jackson State,2020,IAA,SWAC
Jacksonville,2020,IAA,Pioneer
Jacksonville State,2020,IAA,Ohio_V
James Madison,2020,IAA,Colonial
Kansas,2020,IA,Big_12
Kansas State,2020,IA,Big_12
Kennesaw State,2020,IAA,Big_South
Kent State,2020,IA,MAC
Kentucky,2020,IA,SEC
Lafayette,2020,IAA,Patriot
Lamar,2020,IAA,Southland
Lehigh,2020,IAA,Patriot
Liberty,2020,IA,Indep
Long Island,2020,IAA,NE
Louisiana - Lafayette,2020,IA,Sun_Belt
Louisiana State,2020,IA,SEC
Louisiana Tech,2020,IA,CUSA
Louisville,2020,IA,ACC
Maine,2020,IAA,Colonial
Marist,2020,IAA,Pioneer
Marshall,2020,IA,CUSA
Maryland,2020,IA,Big_Ten
Massachusetts,2020,IA,Indep
McNeese State,2020,IAA,Southland
Memphis,2020,IA,Amer_Athl
Mercer,2020,IAA,Southern
Merrimack,2020,IAA,NE
Miami - Florida,2020,IA,ACC
Miami - Ohio,2020,IA,MAC
Michigan,2020,IA,Big_Ten
Michigan State,2020,IA,Big_Ten
Middle Tennessee State,2020,IA,CUSA
Minnesota,2020,IA,Big_Ten
Mississippi,2020,IA,SEC
Mississippi State,2020,IA,SEC
Mississippi Valley State,2020,IAA,SWAC
Missouri,2020,IA,SEC
Missouri State,2020,IAA,Missouri_V
Monmouth,2020,IAA,Big_South
Montana,2020,IAA,Big_Sky
Montana State,2020,IAA,Big_Sky
Morehead State,2020,IAA,Pioneer
Morgan State,2020,IAA,MEAC
Murray State,2020,IAA,Ohio_V
Navy,2020,IA,Amer_Athl
Nebraska,2020,IA,Big_Ten
Nevada - Las Vegas,2020,IA,MWC
Nevada - Reno,2020,IA,MWC
New Hampshire,2020,IAA,Colonial
New Mexico,2020,IA,MWC
New Mexico State,2020,IA,Indep
Nicholls State,2020,IAA,Southland
Norfolk State,2020,IAA,MEAC
North Alabama,2020,IAA,Big_South
North Carolina,2020,IA,ACC
North Carolina - Charlotte,2020,IA,CUSA
North Carolina A&T,2020,IAA,MEAC
North Carolina Central,2020,IAA,MEAC
North Carolina State,2020,IA,ACC
North Dakota,2020,IAA,Big_Sky
North Dakota State,2020,IAA,Missouri_V
Northeast Louisiana,2020,IA,Sun_Belt
Northern Arizona,2020,IAA,Big_Sky
Northern Colorado,2020,IAA,Big_Sky
Northern Illinois,2020,IA,MAC
Northern Iowa,2020,IAA,Missouri_V
North Texas,2020,IA,CUSA
Northwestern,2020,IA,Big_Ten
Northwestern State,2020,IAA,Southland
Notre Dame,2020,IA,Indep
Ohio,2020,IA,MAC
Ohio State,2020,IA,Big_Ten
Oklahoma,2020,IA,Big_12
Oklahoma State,2020,IA,Big_12
Old Dominion,2020,IA,CUSA
Oregon,2020,IA,PAC_12
Oregon State,2020,IA,PAC_12
Penn State,2020,IA,Big_Ten
Pennsylvania,2020,IAA,Ivy
Pittsburgh,2020,IA,ACC
Portland State,2020,IAA,Big_Sky
Prairie View,2020,IAA,SWAC
Presbyterian,2020,IAA,Big_South
Princeton,2020,IAA,Ivy
Purdue,2020,IA,Big_Ten
Rhode Island,2020,IAA,Colonial
Rice,2020,IA,CUSA
Richmond,2020,IAA,Colonial
Robert Morris,2020,IAA,NE
Rutgers,2020,IA,Big_Ten
Sacramento State,2020,IAA,Big_Sky
Sacred Heart,2020,IAA,NE
Saint Francis - Pennsylvania,2020,IAA,NE
Samford,2020,IAA,Southern
Sam Houston State,2020,IAA,Southland
San Diego,2020,IAA,Pioneer
San Diego State,2020,IA,MWC
San Jose State,2020,IA,MWC
South Alabama,2020,IA,Sun_Belt
South Carolina,2020,IA,SEC
South Carolina State,2020,IAA,MEAC
South Dakota,2020,IAA,Missouri_V
South Dakota State,2020,IAA,Missouri_V
Southeast Louisiana,2020,IAA,Southland
Southeast Missouri State,2020,IAA,Ohio_V
Southern California,2020,IA,PAC_12
Southern,2020,IAA,SWAC
Southern Illinois,2020,IAA,Missouri_V
Southern Methodist,2020,IA,Amer_Athl
Southern Mississippi,2020,IA,CUSA
Southern Utah,2020,IAA,Big_Sky
South Florida,2020,IA,Amer_Athl
Stanford,2020,IA,PAC_12
Stephen F. Austin,2020,IAA,Southland
Stetson,2020,IAA,Pioneer
Stony Brook,2020,IAA,Colonial
Syracuse,2020,IA,ACC
Temple,2020,IA,Amer_Athl
Tennessee,2020,IA,SEC
Tennessee - Chattanooga,2020,IAA,Southern
Tennessee - Martin,2020,IAA,Ohio_V
Tennessee State,2020,IAA,Ohio_V
Tennessee Tech,2020,IAA,Ohio_V
Texas,2020,IA,Big_12
Texas A&M,2020,IA,SEC
Texas Christian,2020,IA,Big_12
Texas - El Paso,2020,IA,CUSA
Texas - San Antonio,2020,IA,CUSA
Texas Southern,2020,IAA,SWAC
Texas State - San Marcos,2020,IA,Sun_Belt
Texas Tech,2020,IA,Big_12
The Citadel,2020,IAA,Southern
Toledo,2020,IA,MAC
Towson,2020,IAA,Colonial
Troy State,2020,IA,Sun_Belt
Tulane,2020,IA,Amer_Athl
Tulsa,2020,IA,Amer_Athl
Utah,2020,IA,PAC_12
Utah State,2020,IA,MWC
Valparaiso,2020,IAA,Pioneer
Vanderbilt,2020,IA,SEC
Villanova,2020,IAA,Colonial
Virginia,2020,IA,ACC
Virginia Military,2020,IAA,Southern
Virginia Tech,2020,IA,ACC
Wagner,2020,IAA,NE
Wake Forest,2020,IA,ACC
Washington,2020,IA,PAC_12
Washington State,2020,IA,PAC_12
Weber State,2020,IAA,Big_Sky
Western Carolina,2020,IAA,Southern
Western Illinois,2020,IAA,Missouri_V
Western Kentucky,2020,IA,CUSA
Western Michigan,2020,IA,MAC
West Virginia,2020,IA,Big_12
William & Mary,2020,IAA,Colonial
Wisconsin,2020,IA,Big_Ten
Wofford,2020,IAA,Southern
Wyoming,2020,IA,MWC
Yale,2020,IAA,Ivy
Youngstown State,2020,IAA,Missouri_V
Abilene Christian,2021,IAA,WAC
Air Force,2021,IA,MWC
Akron,2021,IA,MAC
Alabama,2021,IA,SEC
Alabama - Birmingham,2021,IA,CUSA
Alabama A&M,2021,IAA,SWAC
Alabama State,2021,IAA,SWAC
Albany,2021,IAA,Colonial
Alcorn State,2021,IAA,SWAC
Appalachian State,2021,IA,Sun_Belt
Arizona,2021,IA,PAC_12
Arizona State,2021,IA,PAC_12
Arkansas,2021,IA,SEC
Arkansas - Pine Bluff,2021,IAA,SWAC
Arkansas State,2021,IA,Sun_Belt
Army,2021,IA,Indep
Auburn,2021,IA,SEC
Austin Peay,2021,IAA,Ohio_V
Ball State,2021,IA,MAC
Baylor,2021,IA,Big_12
Bethune - Cookman,2021,IAA,SWAC
Boise State,2021,IA,MWC
Boston College,2021,IA,ACC
Bowling Green,2021,IA,MAC
Brigham Young,2021,IA,Indep
Brown,2021,IAA,Ivy
Bryant,2021,IAA,NE
Bucknell,2021,IAA,Patriot
Buffalo,2021,IA,MAC
Butler,2021,IAA,Pioneer
California,2021,IA,PAC_12
California - Davis,2021,IAA,Big_Sky
California - Los Angeles,2021,IA,PAC_12
California Poly,2021,IAA,Big_Sky
Campbell,2021,IAA,Big_South
Central Arkansas,2021,IAA,WAC
Central Connecticut,2021,IAA,NE
Central Florida,2021,IA,Amer_Athl
Central Michigan,2021,IA,MAC
Charleston Southern,2021,IAA,Big_South
Cincinnati,2021,IA,Amer_Athl
Clemson,2021,IA,ACC
Coastal Carolina,2021,IA,Sun_Belt
Colgate,2021,IAA,Patriot
Colorado,2021,IA,PAC_12
Colorado State,2021,IA,MWC
Columbia,2021,IAA,Ivy
Connecticut,2021,IA,Indep
Cornell,2021,IAA,Ivy
Dartmouth,2021,IAA,Ivy
Davidson,2021,IAA,Pioneer
Dayton,2021,IAA,Pioneer
Delaware,2021,IAA,Colonial
Delaware State,2021,IAA,MEAC
Utah Tech,2021,IAA,WAC
Drake,2021,IAA,Pioneer
Duke,2021,IA,ACC
Duquesne,2021,IAA,NE
East Carolina,2021,IA,Amer_Athl
East Tennessee State,2021,IAA,Southern
Eastern Illinois,2021,IAA,Ohio_V
Eastern Kentucky,2021,IAA,WAC
Eastern Michigan,2021,IA,MAC
Eastern Washington,2021,IAA,Big_Sky
Elon,2021,IAA,Colonial
Florida,2021,IA,SEC
Florida A&M,2021,IAA,SWAC
Florida Atlantic,2021,IA,CUSA
Florida International,2021,IA,CUSA
Florida State,2021,IA,ACC
Fordham,2021,IAA,Patriot
Fresno State,2021,IA,MWC
Furman,2021,IAA,Southern
Gardner - Webb,2021,IAA,Big_South
Georgetown,2021,IAA,Patriot
Georgia,2021,IA,SEC
Georgia Southern,2021,IA,Sun_Belt
Georgia State,2021,IA,Sun_Belt
Georgia Tech,2021,IA,ACC
Grambling,2021,IAA,SWAC
Hampton,2021,IAA,Big_South
Harvard,2021,IAA,Ivy
Hawaii,2021,IA,MWC
Holy Cross,2021,IAA,Patriot
Houston,2021,IA,Amer_Athl
Houston Christian,2021,IAA,Southland
Howard,2021,IAA,MEAC
Idaho,2021,IAA,Big_Sky
Idaho State,2021,IAA,Big_Sky
Illinois,2021,IA,Big_Ten
Illinois State,2021,IAA,Missouri_V
Incarnate Word,2021,IAA,Southland
Indiana,2021,IA,Big_Ten
Indiana State,2021,IAA,Missouri_V
Iowa,2021,IA,Big_Ten
Iowa State,2021,IA,Big_12
Jackson State,2021,IAA,SWAC
Jacksonville State,2021,IAA,WAC
James Madison,2021,IAA,Colonial
Kansas,2021,IA,Big_12
Kansas State,2021,IA,Big_12
Kennesaw State,2021,IAA,Big_South
Kent State,2021,IA,MAC
Kentucky,2021,IA,SEC
Lafayette,2021,IAA,Patriot
Lamar,2021,IAA,WAC
Lehigh,2021,IAA,Patriot
Liberty,2021,IA,Indep
Long Island,2021,IAA,NE
Louisiana - Lafayette,2021,IA,Sun_Belt
Louisiana State,2021,IA,SEC
Louisiana Tech,2021,IA,CUSA
Louisville,2021,IA,ACC
Maine,2021,IAA,Colonial
Marist,2021,IAA,Pioneer
Marshall,2021,IA,CUSA
Maryland,2021,IA,Big_Ten
Massachusetts,2021,IA,Indep
McNeese State,2021,IAA,Southland
Memphis,2021,IA,Amer_Athl
Mercer,2021,IAA,Southern
Merrimack,2021,IAA,NE
Miami - Florida,2021,IA,ACC
Miami - Ohio,2021,IA,MAC
Michigan,2021,IA,Big_Ten
Michigan State,2021,IA,Big_Ten
Middle Tennessee State,2021,IA,CUSA
Minnesota,2021,IA,Big_Ten
Mississippi,2021,IA,SEC
Mississippi State,2021,IA,SEC
Mississippi Valley State,2021,IAA,SWAC
Missouri,2021,IA,SEC
Missouri State,2021,IAA,Missouri_V
Monmouth,2021,IAA,Big_South
Montana,2021,IAA,Big_Sky
Montana State,2021,IAA,Big_Sky
Morehead State,2021,IAA,Pioneer
Morgan State,2021,IAA,MEAC
Murray State,2021,IAA,Ohio_V
Navy,2021,IA,Amer_Athl
Nebraska,2021,IA,Big_Ten
Nevada - Las Vegas,2021,IA,MWC
Nevada - Reno,2021,IA,MWC
New Hampshire,2021,IAA,Colonial
New Mexico,2021,IA,MWC
New Mexico State,2021,IA,Indep
Nicholls State,2021,IAA,Southland
Norfolk State,2021,IAA,MEAC
North Alabama,2021,IAA,Big_South
North Carolina,2021,IA,ACC
North Carolina - Charlotte,2021,IA,CUSA
North Carolina A&T,2021,IAA,Big_South
North Carolina Central,2021,IAA,MEAC
North Carolina State,2021,IA,ACC
North Dakota,2021,IAA,Missouri_V
North Dakota State,2021,IAA,Missouri_V
Northeast Louisiana,2021,IA,Sun_Belt
Northern Arizona,2021,IAA,Big_Sky
Northern Colorado,2021,IAA,Big_Sky
Northern Illinois,2021,IA,MAC
Northern Iowa,2021,IAA,Missouri_V
North Texas,2021,IA,CUSA
Northwestern,2021,IA,Big_Ten
Northwestern State,2021,IAA,Southland
Notre Dame,2021,IA,Indep
Ohio,2021,IA,MAC
Ohio State,2021,IA,Big_Ten
Oklahoma,2021,IA,Big_12
Oklahoma State,2021,IA,Big_12
Old Dominion,2021,IA,CUSA
Oregon,2021,IA,PAC_12
Oregon State,2021,IA,PAC_12
Penn State,2021,IA,Big_Ten
Pennsylvania,2021,IAA,Ivy
Pittsburgh,2021,IA,ACC
Portland State,2021,IAA,Big_Sky
Prairie View,2021,IAA,SWAC
Presbyterian,2021,IAA,Pioneer
Princeton,2021,IAA,Ivy
Purdue,2021,IA,Big_Ten
Rhode Island,2021,IAA,Colonial
Rice,2021,IA,CUSA
Richmond,2021,IAA,Colonial
Robert Morris,2021,IAA,Big_South
Rutgers,2021,IA,Big_Ten
Sacramento State,2021,IAA,Big_Sky
Sacred Heart,2021,IAA,NE
Saint Francis - Pennsylvania,2021,IAA,NE
Saint Thomas - Minnesota,2021,IAA,Pioneer
Samford,2021,IAA,Southern
Sam Houston State,2021,IAA,WAC
San Diego,2021,IAA,Pioneer
San Diego State,2021,IA,MWC
San Jose State,2021,IA,MWC
South Alabama,2021,IA,Sun_Belt
South Carolina,2021,IA,SEC
South Carolina State,2021,IAA,MEAC
South Dakota,2021,IAA,Missouri_V
South Dakota State,2021,IAA,Missouri_V
Southeast Louisiana,2021,IAA,Southland
Southeast Missouri State,2021,IAA,Ohio_V
Southern California,2021,IA,PAC_12
Southern,2021,IAA,SWAC
Southern Illinois,2021,IAA,Missouri_V
Southern Methodist,2021,IA,Amer_Athl
Southern Mississippi,2021,IA,CUSA
Southern Utah,2021,IAA,Big_Sky
South Florida,2021,IA,Amer_Athl
Stanford,2021,IA,PAC_12
Stephen F. Austin,2021,IAA,WAC
Stetson,2021,IAA,Pioneer
Stony Brook,2021,IAA,Colonial
Syracuse,2021,IA,ACC
Tarleton State,2021,IAA,WAC
Temple,2021,IA,Amer_Athl
Tennessee,2021,IA,SEC
Tennessee - Chattanooga,2021,IAA,Southern
Tennessee - Martin,2021,IAA,Ohio_V
Tennessee State,2021,IAA,Ohio_V
Tennessee Tech,2021,IAA,Ohio_V
Texas,2021,IA,Big_12
Texas A&M,2021,IA,SEC
Texas Christian,2021,IA,Big_12
Texas - El Paso,2021,IA,CUSA
Texas - San Antonio,2021,IA,CUSA
Texas Southern,2021,IAA,SWAC
Texas State - San Marcos,2021,IA,Sun_Belt
Texas Tech,2021,IA,Big_12
The Citadel,2021,IAA,Southern
Toledo,2021,IA,MAC
Towson,2021,IAA,Colonial
Troy State,2021,IA,Sun_Belt
Tulane,2021,IA,Amer_Athl
Tulsa,2021,IA,Amer_Athl
Utah,2021,IA,PAC_12
Utah State,2021,IA,MWC
Valparaiso,2021,IAA,Pioneer
Vanderbilt,2021,IA,SEC
Villanova,2021,IAA,Colonial
Virginia,2021,IA,ACC
Virginia Military,2021,IAA,Southern
Virginia Tech,2021,IA,ACC
Wagner,2021,IAA,NE
Wake Forest,2021,IA,ACC
Washington,2021,IA,PAC_12
Washington State,2021,IA,PAC_12
Weber State,2021,IAA,Big_Sky
Western Carolina,2021,IAA,Southern
Western Illinois,2021,IAA,Missouri_V
Western Kentucky,2021,IA,CUSA
Western Michigan,2021,IA,MAC
West Virginia,2021,IA,Big_12
William & Mary,2021,IAA,Colonial
Wisconsin,2021,IA,Big_Ten
Wofford,2021,IAA,Southern
Wyoming,2021,IA,MWC
Yale,2021,IAA,Ivy
Youngstown State,2021,IAA,Missouri_V
Abilene Christian,2022,IAA,WAC
Air Force,2022,IA,MWC
Akron,2022,IA,MAC
Alabama,2022,IA,SEC
Alabama - Birmingham,2022,IA,CUSA
Alabama A&M,2022,IAA,SWAC
Alabama State,2022,IAA,SWAC
Albany,2022,IAA,Colonial
Alcorn State,2022,IAA,SWAC
Appalachian State,2022,IA,Sun_Belt
Arizona,2022,IA,PAC_12
Arizona State,2022,IA,PAC_12
Arkansas,2022,IA,SEC
Arkansas - Pine Bluff,2022,IAA,SWAC
Arkansas State,2022,IA,Sun_Belt
Army,2022,IA,Indep
Auburn,2022,IA,SEC
Austin Peay,2022,IAA,ASUN
Ball State,2022,IA,MAC
Baylor,2022,IA,Big_12
Bethune - Cookman,2022,IAA,SWAC
Boise State,2022,IA,MWC
Boston College,2022,IA,ACC
Bowling Green,2022,IA,MAC
Brigham Young,2022,IA,Indep
Brown,2022,IAA,Ivy
Bryant,2022,IAA,Big_South
Bucknell,2022,IAA,Patriot
Buffalo,2022,IA,MAC
Butler,2022,IAA,Pioneer
California,2022,IA,PAC_12
California - Davis,2022,IAA,Big_Sky
California - Los Angeles,2022,IA,PAC_12
California Poly,2022,IAA,Big_Sky
Campbell,2022,IAA,Big_South
Central Arkansas,2022,IAA,ASUN
Central Connecticut,2022,IAA,NE
Central Florida,2022,IA,Amer_Athl
Central Michigan,2022,IA,MAC
Charleston Southern,2022,IAA,Big_South
Cincinnati,2022,IA,Amer_Athl
Clemson,2022,IA,ACC
Coastal Carolina,2022,IA,Sun_Belt
Colgate,2022,IAA,Patriot
Colorado,2022,IA,PAC_12
Colorado State,2022,IA,MWC
Columbia,2022,IAA,Ivy
Connecticut,2022,IA,Indep
Cornell,2022,IAA,Ivy
Dartmouth,2022,IAA,Ivy
Davidson,2022,IAA,Pioneer
Dayton,2022,IAA,Pioneer
Delaware,2022,IAA,Colonial
Delaware State,2022,IAA,MEAC
Utah Tech,2022,IAA,WAC
Drake,2022,IAA,Pioneer
Duke,2022,IA,ACC
Duquesne,2022,IAA,NE
East Carolina,2022,IA,Amer_Athl
East Tennessee State,2022,IAA,Southern
Eastern Illinois,2022,IAA,Ohio_V
Eastern Kentucky,2022,IAA,ASUN
Eastern Michigan,2022,IA,MAC
Eastern Washington,2022,IAA,Big_Sky
Elon,2022,IAA,Colonial
Florida,2022,IA,SEC
Florida A&M,2022,IAA,SWAC
Florida Atlantic,2022,IA,CUSA
Florida International,2022,IA,CUSA
Florida State,2022,IA,ACC
Fordham,2022,IAA,Patriot
Fresno State,2022,IA,MWC
Furman,2022,IAA,Southern
Gardner - Webb,2022,IAA,Big_South
Georgetown,2022,IAA,Patriot
Georgia,2022,IA,SEC
Georgia Southern,2022,IA,Sun_Belt
Georgia State,2022,IA,Sun_Belt
Georgia Tech,2022,IA,ACC
Grambling,2022,IAA,SWAC
Hampton,2022,IAA,Colonial
Harvard,2022,IAA,Ivy
Hawaii,2022,IA,MWC
Holy Cross,2022,IAA,Patriot
Houston,2022,IA,Amer_Athl
Houston Christian,2022,IAA,Southland
Howard,2022,IAA,MEAC
Idaho,2022,IAA,Big_Sky
Idaho State,2022,IAA,Big_Sky
Illinois,2022,IA,Big_Ten
Illinois State,2022,IAA,Missouri_V
Incarnate Word,2022,IAA,Southland
Indiana,2022,IA,Big_Ten
Indiana State,2022,IAA,Missouri_V
Iowa,2022,IA,Big_Ten
Iowa State,2022,IA,Big_12
Jackson State,2022,IAA,SWAC
Jacksonville State,2022,IAA,ASUN
James Madison,2022,IA,Sun_Belt
Kansas,2022,IA,Big_12
Kansas State,2022,IA,Big_12
Kennesaw State,2022,IAA,ASUN
Kent State,2022,IA,MAC
Kentucky,2022,IA,SEC
Lafayette,2022,IAA,Patriot
Lamar,2022,IAA,Southland
Lehigh,2022,IAA,Patriot
Liberty,2022,IA,Indep
Lindenwood,2022,IAA,Ohio_V
Long Island,2022,IAA,NE
Louisiana - Lafayette,2022,IA,Sun_Belt
Louisiana State,2022,IA,SEC
Louisiana Tech,2022,IA,CUSA
Louisville,2022,IA,ACC
Maine,2022,IAA,Colonial
Marist,2022,IAA,Pioneer
Marshall,2022,IA,Sun_Belt
Maryland,2022,IA,Big_Ten
Massachusetts,2022,IA,Indep
McNeese State,2022,IAA,Southland
Memphis,2022,IA,Amer_Athl
Mercer,2022,IAA,Southern
Merrimack,2022,IAA,NE
Miami - Florida,2022,IA,ACC
Miami - Ohio,2022,IA,MAC
Michigan,2022,IA,Big_Ten
Michigan State,2022,IA,Big_Ten
Middle Tennessee State,2022,IA,CUSA
Minnesota,2022,IA,Big_Ten
Mississippi,2022,IA,SEC
Mississippi State,2022,IA,SEC
Mississippi Valley State,2022,IAA,SWAC
Missouri,2022,IA,SEC
Missouri State,2022,IAA,Missouri_V
Monmouth,2022,IAA,Colonial
Montana,2022,IAA,Big_Sky
Montana State,2022,IAA,Big_Sky
Morehead State,2022,IAA,Pioneer
Morgan State,2022,IAA,MEAC
Murray State,2022,IAA,Ohio_V
Navy,2022,IA,Amer_Athl
Nebraska,2022,IA,Big_Ten
Nevada - Las Vegas,2022,IA,MWC
Nevada - Reno,2022,IA,MWC
New Hampshire,2022,IAA,Colonial
New Mexico,2022,IA,MWC
New Mexico State,2022,IA,Indep
Nicholls State,2022,IAA,Southland
Norfolk State,2022,IAA,MEAC
North Alabama,2022,IAA,ASUN
North Carolina,2022,IA,ACC
North Carolina - Charlotte,2022,IA,CUSA
North Carolina A&T,2022,IAA,Big_South
North Carolina Central,2022,IAA,MEAC
North Carolina State,2022,IA,ACC
North Dakota,2022,IAA,Missouri_V
North Dakota State,2022,IAA,Missouri_V
Northeast Louisiana,2022,IA,Sun_Belt
Northern Arizona,2022,IAA,Big_Sky
Northern Colorado,2022,IAA,Big_Sky
Northern Illinois,2022,IA,MAC
Northern Iowa,2022,IAA,Missouri_V
North Texas,2022,IA,CUSA
Northwestern,2022,IA,Big_Ten
Northwestern State,2022,IAA,Southland
Notre Dame,2022,IA,Indep
Ohio,2022,IA,MAC
Ohio State,2022,IA,Big_Ten
Oklahoma,2022,IA,Big_12
Oklahoma State,2022,IA,Big_12
Old Dominion,2022,IA,Sun_Belt
Oregon,2022,IA,PAC_12
Oregon State,2022,IA,PAC_12
Penn State,2022,IA,Big_Ten
Pennsylvania,2022,IAA,Ivy
Pittsburgh,2022,IA,ACC
Portland State,2022,IAA,Big_Sky
Prairie View,2022,IAA,SWAC
Presbyterian,2022,IAA,Pioneer
Princeton,2022,IAA,Ivy
Purdue,2022,IA,Big_Ten
Rhode Island,2022,IAA,Colonial
Rice,2022,IA,CUSA
Richmond,2022,IAA,Colonial
Robert Morris,2022,IAA,Big_South
Rutgers,2022,IA,Big_Ten
Sacramento State,2022,IAA,Big_Sky
Sacred Heart,2022,IAA,NE
Saint Francis - Pennsylvania,2022,IAA,NE
Saint Thomas - Minnesota,2022,IAA,Pioneer
Samford,2022,IAA,Southern
Sam Houston State,2022,IAA,WAC
San Diego,2022,IAA,Pioneer
San Diego State,2022,IA,MWC
San Jose State,2022,IA,MWC
South Alabama,2022,IA,Sun_Belt
South Carolina,2022,IA,SEC
South Carolina State,2022,IAA,MEAC
South Dakota,2022,IAA,Missouri_V
South Dakota State,2022,IAA,Missouri_V
Southeast Louisiana,2022,IAA,Southland
Southeast Missouri State,2022,IAA,Ohio_V
Southern California,2022,IA,PAC_12
Southern,2022,IAA,SWAC
Southern Illinois,2022,IAA,Missouri_V
Southern Methodist,2022,IA,Amer_Athl
Southern Mississippi,2022,IA,Sun_Belt
Southern Utah,2022,IAA,WAC
South Florida,2022,IA,Amer_Athl
Stanford,2022,IA,PAC_12
Stephen F. Austin,2022,IAA,WAC
Stetson,2022,IAA,Pioneer
Stonehill,2022,IAA,NE
Stony Brook,2022,IAA,Colonial
Syracuse,2022,IA,ACC
Tarleton State,2022,IAA,WAC
Temple,2022,IA,Amer_Athl
Tennessee,2022,IA,SEC
Tennessee - Chattanooga,2022,IAA,Southern
Tennessee - Martin,2022,IAA,Ohio_V
Tennessee State,2022,IAA,Ohio_V
Tennessee Tech,2022,IAA,Ohio_V
Texas,2022,IA,Big_12
Texas A&M,2022,IA,SEC
Texas A&M-Commerce,2022,IAA,Southland
Texas Christian,2022,IA,Big_12
Texas - El Paso,2022,IA,CUSA
Texas - San Antonio,2022,IA,CUSA
Texas Southern,2022,IAA,SWAC
Texas State - San Marcos,2022,IA,Sun_Belt
Texas Tech,2022,IA,Big_12
The Citadel,2022,IAA,Southern
Toledo,2022,IA,MAC
Towson,2022,IAA,Colonial
Troy State,2022,IA,Sun_Belt
Tulane,2022,IA,Amer_Athl
Tulsa,2022,IA,Amer_Athl
Utah,2022,IA,PAC_12
Utah State,2022,IA,MWC
Utah Tech,2022,IA,WAC
Valparaiso,2022,IAA,Pioneer
Vanderbilt,2022,IA,SEC
Villanova,2022,IAA,Colonial
Virginia,2022,IA,ACC
Virginia Military,2022,IAA,Southern
Virginia Tech,2022,IA,ACC
Wagner,2022,IAA,NE
Wake Forest,2022,IA,ACC
Washington,2022,IA,PAC_12
Washington State,2022,IA,PAC_12
Weber State,2022,IAA,Big_Sky
Western Carolina,2022,IAA,Southern
Western Illinois,2022,IAA,Missouri_V
Western Kentucky,2022,IA,CUSA
Western Michigan,2022,IA,MAC
West Virginia,2022,IA,Big_12
William & Mary,2022,IAA,Colonial
Wisconsin,2022,IA,Big_Ten
Wofford,2022,IAA,Southern
Wyoming,2022,IA,MWC
Yale,2022,IAA,Ivy
Youngstown State,2022,IAA,Missouri_V
Abilene Christian,2023,IAA,ASUN_WAC
Air Force,2023,IA,MWC
Akron,2023,IA,MAC
Alabama,2023,IA,SEC
Alabama - Birmingham,2023,IA,Amer_Athl
Alabama A&M,2023,IAA,SWAC
Alabama State,2023,IAA,SWAC
Albany,2023,IAA,Colonial
Alcorn State,2023,IAA,SWAC
Appalachian State,2023,IA,Sun_Belt
Arizona,2023,IA,PAC_12
Arizona State,2023,IA,PAC_12
Arkansas,2023,IA,SEC
Arkansas - Pine Bluff,2023,IAA,SWAC
Arkansas State,2023,IA,Sun_Belt
Army,2023,IA,Indep
Auburn,2023,IA,SEC
Austin Peay,2023,IAA,ASUN_WAC
Ball State,2023,IA,MAC
Baylor,2023,IA,Big_12
Bethune - Cookman,2023,IAA,SWAC
Boise State,2023,IA,MWC
Boston College,2023,IA,ACC
Bowling Green,2023,IA,MAC
Brigham Young,2023,IA,Big_12
Brown,2023,IAA,Ivy
Bryant,2023,IAA,BigSouth_OhioV
Bucknell,2023,IAA,Patriot
Buffalo,2023,IA,MAC
Butler,2023,IAA,Pioneer
California,2023,IA,PAC_12
California - Davis,2023,IAA,Big_Sky
California - Los Angeles,2023,IA,PAC_12
California Poly,2023,IAA,Big_Sky
Campbell,2023,IAA,Colonial
Central Arkansas,2023,IAA,ASUN_WAC
Central Connecticut,2023,IAA,NE
Central Florida,2023,IA,Big_12
Central Michigan,2023,IA,MAC
Charleston Southern,2023,IAA,BigSouth_OhioV
Cincinnati,2023,IA,Big_12
Clemson,2023,IA,ACC
Coastal Carolina,2023,IA,Sun_Belt
Colgate,2023,IAA,Patriot
Colorado,2023,IA,PAC_12
Colorado State,2023,IA,MWC
Columbia,2023,IAA,Ivy
Connecticut,2023,IA,Indep
Cornell,2023,IAA,Ivy
Dartmouth,2023,IAA,Ivy
Davidson,2023,IAA,Pioneer
Dayton,2023,IAA,Pioneer
Delaware,2023,IAA,Colonial
Delaware State,2023,IAA,MEAC
Drake,2023,IAA,Pioneer
Duke,2023,IA,ACC
Duquesne,2023,IAA,NE
East Carolina,2023,IA,Amer_Athl
East Tennessee State,2023,IAA,Southern
Eastern Illinois,2023,IAA,BigSouth_OhioV
Eastern Kentucky,2023,IAA,ASUN_WAC
Eastern Michigan,2023,IA,MAC
Eastern Washington,2023,IAA,Big_Sky
Elon,2023,IAA,Colonial
Florida,2023,IA,SEC
Florida A&M,2023,IAA,SWAC
Florida Atlantic,2023,IA,Amer_Athl
Florida International,2023,IA,CUSA
Florida State,2023,IA,ACC
Fordham,2023,IAA,Patriot
Fresno State,2023,IA,MWC
Furman,2023,IAA,Southern
Gardner - Webb,2023,IAA,BigSouth_OhioV
Georgetown,2023,IAA,Patriot
Georgia,2023,IA,SEC
Georgia Southern,2023,IA,Sun_Belt
Georgia State,2023,IA,Sun_Belt
Georgia Tech,2023,IA,ACC
Grambling,2023,IAA,SWAC
Hampton,2023,IAA,Colonial
Harvard,2023,IAA,Ivy
Hawaii,2023,IA,MWC
Holy Cross,2023,IAA,Patriot
Houston,2023,IA,Big_12
Houston Christian,2023,IAA,Southland
Howard,2023,IAA,MEAC
Idaho,2023,IAA,Big_Sky
Idaho State,2023,IAA,Big_Sky
Illinois,2023,IA,Big_Ten
Illinois State,2023,IAA,Missouri_V
Incarnate Word,2023,IAA,Southland
Indiana,2023,IA,Big_Ten
Indiana State,2023,IAA,Missouri_V
Iowa,2023,IA,Big_Ten
Iowa State,2023,IA,Big_12
Jackson State,2023,IAA,SWAC
Jacksonville State,2023,IA,CUSA
James Madison,2023,IA,Sun_Belt
Kansas,2023,IA,Big_12
Kansas State,2023,IA,Big_12
Kennesaw State,2023,IAA,ASUN_WAC
Kent State,2023,IA,MAC
Kentucky,2023,IA,SEC
Lafayette,2023,IAA,Patriot
Lamar,2023,IAA,Southland
Lehigh,2023,IAA,Patriot
Liberty,2023,IA,CUSA
Lindenwood,2023,IAA,BigSouth_OhioV
Long Island,2023,IAA,NE
Louisiana - Lafayette,2023,IA,Sun_Belt
Louisiana State,2023,IA,SEC
Louisiana Tech,2023,IA,CUSA
Louisville,2023,IA,ACC
Maine,2023,IAA,Colonial
Marist,2023,IAA,Pioneer
Marshall,2023,IA,Sun_Belt
Maryland,2023,IA,Big_Ten
Massachusetts,2023,IA,Indep
McNeese State,2023,IAA,Southland
Memphis,2023,IA,Amer_Athl
Mercer,2023,IAA,Southern
Merrimack,2023,IAA,NE
Miami - Florida,2023,IA,ACC
Miami - Ohio,2023,IA,MAC
Michigan,2023,IA,Big_Ten
Michigan State,2023,IA,Big_Ten
Middle Tennessee State,2023,IA,CUSA
Minnesota,2023,IA,Big_Ten
Mississippi,2023,IA,SEC
Mississippi State,2023,IA,SEC
Mississippi Valley State,2023,IAA,SWAC
Missouri,2023,IA,SEC
Missouri State,2023,IAA,Missouri_V
Monmouth,2023,IAA,Colonial
Montana,2023,IAA,Big_Sky
Montana State,2023,IAA,Big_Sky
Morehead State,2023,IAA,Pioneer
Morgan State,2023,IAA,MEAC
Murray State,2023,IAA,Missouri_V
Navy,2023,IA,Amer_Athl
Nebraska,2023,IA,Big_Ten
Nevada - Las Vegas,2023,IA,MWC
Nevada - Reno,2023,IA,MWC
New Hampshire,2023,IAA,Colonial
New Mexico,2023,IA,MWC
New Mexico State,2023,IA,CUSA
Nicholls State,2023,IAA,Southland
Norfolk State,2023,IAA,MEAC
North Alabama,2023,IAA,ASUN_WAC
North Carolina,2023,IA,ACC
North Carolina - Charlotte,2023,IA,Amer_Athl
North Carolina A&T,2023,IAA,Colonial
North Carolina Central,2023,IAA,MEAC
North Carolina State,2023,IA,ACC
North Dakota,2023,IAA,Missouri_V
North Dakota State,2023,IAA,Missouri_V
Northeast Louisiana,2023,IA,Sun_Belt
Northern Arizona,2023,IAA,Big_Sky
Northern Colorado,2023,IAA,Big_Sky
Northern Illinois,2023,IA,MAC
Northern Iowa,2023,IAA,Missouri_V
North Texas,2023,IA,Amer_Athl
Northwestern,2023,IA,Big_Ten
Northwestern State,2023,IAA,Southland
Notre Dame,2023,IA,Indep
Ohio,2023,IA,MAC
Ohio State,2023,IA,Big_Ten
Oklahoma,2023,IA,Big_12
Oklahoma State,2023,IA,Big_12
Old Dominion,2023,IA,Sun_Belt
Oregon,2023,IA,PAC_12
Oregon State,2023,IA,PAC_12
Penn State,2023,IA,Big_Ten
Pennsylvania,2023,IAA,Ivy
Pittsburgh,2023,IA,ACC
Portland State,2023,IAA,Big_Sky
Prairie View,2023,IAA,SWAC
Presbyterian,2023,IAA,Pioneer
Princeton,2023,IAA,Ivy
Purdue,2023,IA,Big_Ten
Rhode Island,2023,IAA,Colonial
Rice,2023,IA,Amer_Athl
Richmond,2023,IAA,Colonial
Robert Morris,2023,IAA,BigSouth_OhioV
Rutgers,2023,IA,Big_Ten
Sacramento State,2023,IAA,Big_Sky
Sacred Heart,2023,IAA,NE
Saint Francis - Pennsylvania,2023,IAA,NE
Saint Thomas - Minnesota,2023,IAA,Pioneer
Samford,2023,IAA,Southern
Sam Houston State,2023,IA,CUSA
San Diego,2023,IAA,Pioneer
San Diego State,2023,IA,MWC
San Jose State,2023,IA,MWC
South Alabama,2023,IA,Sun_Belt
South Carolina,2023,IA,SEC
South Carolina State,2023,IAA,MEAC
South Dakota,2023,IAA,Missouri_V
South Dakota State,2023,IAA,Missouri_V
Southeast Louisiana,2023,IAA,Southland
Southeast Missouri State,2023,IAA,BigSouth_OhioV
Southern California,2023,IA,PAC_12
Southern,2023,IAA,SWAC
Southern Illinois,2023,IAA,Missouri_V
Southern Methodist,2023,IA,Amer_Athl
Southern Mississippi,2023,IA,Sun_Belt
Southern Utah,2023,IAA,ASUN_WAC
South Florida,2023,IA,Amer_Athl
Stanford,2023,IA,PAC_12
Stephen F. Austin,2023,IAA,ASUN_WAC
Stetson,2023,IAA,Pioneer
Stonehill,2023,IAA,NE
Stony Brook,2023,IAA,Colonial
Syracuse,2023,IA,ACC
Tarleton State,2023,IAA,ASUN_WAC
Temple,2023,IA,Amer_Athl
Tennessee,2023,IA,SEC
Tennessee - Chattanooga,2023,IAA,Southern
Tennessee - Martin,2023,IAA,BigSouth_OhioV
Tennessee State,2023,IAA,BigSouth_OhioV
Tennessee Tech,2023,IAA,BigSouth_OhioV
Texas,2023,IA,Big_12
Texas A&M,2023,IA,SEC
Texas A&M-Commerce,2023,IAA,Southland
Texas Christian,2023,IA,Big_12
Texas - El Paso,2023,IA,CUSA
Texas - San Antonio,2023,IA,Amer_Athl
Texas Southern,2023,IAA,SWAC
Texas State - San Marcos,2023,IA,Sun_Belt
Texas Tech,2023,IA,Big_12
The Citadel,2023,IAA,Southern
Toledo,2023,IA,MAC
Towson,2023,IAA,Colonial
Troy State,2023,IA,Sun_Belt
Tulane,2023,IA,Amer_Athl
Tulsa,2023,IA,Amer_Athl
Utah,2023,IA,PAC_12
Utah State,2023,IA,MWC
Utah Tech,2023,IAA,ASUN_WAC
Valparaiso,2023,IAA,Pioneer
Vanderbilt,2023,IA,SEC
Villanova,2023,IAA,Colonial
Virginia,2023,IA,ACC
Virginia Military,2023,IAA,Southern
Virginia Tech,2023,IA,ACC
Wagner,2023,IAA,NE
Wake Forest,2023,IA,ACC
Washington,2023,IA,PAC_12
Washington State,2023,IA,PAC_12
Weber State,2023,IAA,Big_Sky
Western Carolina,2023,IAA,Southern
Western Illinois,2023,IAA,Missouri_V
Western Kentucky,2023,IA,CUSA
Western Michigan,2023,IA,MAC
West Virginia,2023,IA,Big_12
William & Mary,2023,IAA,Colonial
Wisconsin,2023,IA,Big_Ten
Wofford,2023,IAA,Southern
Wyoming,2023,IA,MWC
Yale,2023,IAA,Ivy
Youngstown State,2023,IAA,Missouri_V
Abilene Christian,2024,IAA,ASUN_WAC
Air Force,2024,IA,MWC
Akron,2024,IA,MAC
Alabama,2024,IA,SEC
Alabama - Birmingham,2024,IA,American
Alabama A&M,2024,IAA,SWAC
Alabama State,2024,IAA,SWAC
Albany,2024,IAA,Colonial
Alcorn State,2024,IAA,SWAC
Appalachian State,2024,IA,Sun_Belt
Arizona,2024,IA,Big_12
Arizona State,2024,IA,Big_12
Arkansas,2024,IA,SEC
Arkansas - Pine Bluff,2024,IAA,SWAC
Arkansas State,2024,IA,Sun_Belt
Army,2024,IA,American
Auburn,2024,IA,SEC
Austin Peay,2024,IAA,ASUN_WAC
Ball State,2024,IA,MAC
Baylor,2024,IA,Big_12
Bethune - Cookman,2024,IAA,SWAC
Boise State,2024,IA,MWC
Boston College,2024,IA,ACC
Bowling Green,2024,IA,MAC
Brigham Young,2024,IA,Big_12
Brown,2024,IAA,Ivy
Bryant,2024,IAA,BigSouth_OhioV
Bucknell,2024,IAA,Patriot
Buffalo,2024,IA,MAC
Butler,2024,IAA,Pioneer
California,2024,IA,ACC
California - Davis,2024,IAA,Big_Sky
California - Los Angeles,2024,IA,Big_Ten
California Poly,2024,IAA,Big_Sky
Campbell,2024,IAA,Colonial
Central Arkansas,2024,IAA,ASUN_WAC
Central Connecticut,2024,IAA,NE
Central Florida,2024,IA,Big_12
Central Michigan,2024,IA,MAC
Charleston Southern,2024,IAA,BigSouth_OhioV
Cincinnati,2024,IA,Big_12
Clemson,2024,IA,ACC
Coastal Carolina,2024,IA,Sun_Belt
Colgate,2024,IAA,Patriot
Colorado,2024,IA,Big_12
Colorado State,2024,IA,MWC
Columbia,2024,IAA,Ivy
Connecticut,2024,IA,Indep
Cornell,2024,IAA,Ivy
Dartmouth,2024,IAA,Ivy
Davidson,2024,IAA,Pioneer
Dayton,2024,IAA,Pioneer
Delaware,2024,IAA,Colonial
Delaware State,2024,IAA,MEAC
Drake,2024,IAA,Pioneer
Duke,2024,IA,ACC
Duquesne,2024,IAA,NE
East Carolina,2024,IA,American
East Tennessee State,2024,IAA,Southern
Eastern Illinois,2024,IAA,BigSouth_OhioV
Eastern Kentucky,2024,IAA,ASUN_WAC
Eastern Michigan,2024,IA,MAC
Eastern Washington,2024,IAA,Big_Sky
Elon,2024,IAA,Colonial
Florida,2024,IA,SEC
Florida A&M,2024,IAA,SWAC
Florida Atlantic,2024,IA,American
Florida International,2024,IA,CUSA
Florida State,2024,IA,ACC
Fordham,2024,IAA,Patriot
Fresno State,2024,IA,MWC
Furman,2024,IAA,Southern
Gardner - Webb,2024,IAA,BigSouth_OhioV
Georgetown,2024,IAA,Patriot
Georgia,2024,IA,SEC
Georgia Southern,2024,IA,Sun_Belt
Georgia State,2024,IA,Sun_Belt
Georgia Tech,2024,IA,ACC
Grambling,2024,IAA,SWAC
Hampton,2024,IAA,Colonial
Harvard,2024,IAA,Ivy
Hawaii,2024,IA,MWC
Holy Cross,2024,IAA,Patriot
Houston,2024,IA,Big_12
Houston Christian,2024,IAA,Southland
Howard,2024,IAA,MEAC
Idaho,2024,IAA,Big_Sky
Idaho State,2024,IAA,Big_Sky
Illinois,2024,IA,Big_Ten
Illinois State,2024,IAA,Missouri_V
Incarnate Word,2024,IAA,Southland
Indiana,2024,IA,Big_Ten
Indiana State,2024,IAA,Missouri_V
Iowa,2024,IA,Big_Ten
Iowa State,2024,IA,Big_12
Jackson State,2024,IAA,SWAC
Jacksonville State,2024,IA,CUSA
James Madison,2024,IA,Sun_Belt
Kansas,2024,IA,Big_12
Kansas State,2024,IA,Big_12
Kennesaw State,2024,IA,CUSA
Kent State,2024,IA,MAC
Kentucky,2024,IA,SEC
Lafayette,2024,IAA,Patriot
Lamar,2024,IAA,Southland
Lehigh,2024,IAA,Patriot
Liberty,2024,IA,CUSA
Lindenwood,2024,IAA,BigSouth_OhioV
Long Island,2024,IAA,NE
Louisiana - Lafayette,2024,IA,Sun_Belt
Louisiana State,2024,IA,SEC
Louisiana Tech,2024,IA,CUSA
Louisville,2024,IA,ACC
Maine,2024,IAA,Colonial
Marist,2024,IAA,Pioneer
Marshall,2024,IA,Sun_Belt
Maryland,2024,IA,Big_Ten
Massachusetts,2024,IA,Indep
McNeese State,2024,IAA,Southland
Memphis,2024,IA,American
Mercer,2024,IAA,Southern
Merrimack,2024,IAA,NE
Miami - Florida,2024,IA,ACC
Miami - Ohio,2024,IA,MAC
Michigan,2024,IA,Big_Ten
Michigan State,2024,IA,Big_Ten
Middle Tennessee State,2024,IA,CUSA
Minnesota,2024,IA,Big_Ten
Mississippi,2024,IA,SEC
Mississippi State,2024,IA,SEC
Mississippi Valley State,2024,IAA,SWAC
Missouri,2024,IA,SEC
Missouri State,2024,IAA,Missouri_V
Monmouth,2024,IAA,Colonial
Montana,2024,IAA,Big_Sky
Montana State,2024,IAA,Big_Sky
Morehead State,2024,IAA,Pioneer
Morgan State,2024,IAA,MEAC
Murray State,2024,IAA,Missouri_V
Navy,2024,IA,American
Nebraska,2024,IA,Big_Ten
Nevada - Las Vegas,2024,IA,MWC
Nevada - Reno,2024,IA,MWC
New Hampshire,2024,IAA,Colonial
New Mexico,2024,IA,MWC
New Mexico State,2024,IA,CUSA
Nicholls State,2024,IAA,Southland
Norfolk State,2024,IAA,MEAC
North Alabama,2024,IAA,ASUN_WAC
North Carolina,2024,IA,ACC
North Carolina - Charlotte,2024,IA,American
North Carolina A&T,2024,IAA,Colonial
North Carolina Central,2024,IAA,MEAC
North Carolina State,2024,IA,ACC
North Dakota,2024,IAA,Missouri_V
North Dakota State,2024,IAA,Missouri_V
Northeast Louisiana,2024,IA,Sun_Belt
Northern Arizona,2024,IAA,Big_Sky
Northern Colorado,2024,IAA,Big_Sky
Northern Illinois,2024,IA,MAC
Northern Iowa,2024,IAA,Missouri_V
North Texas,2024,IA,American
Northwestern,2024,IA,Big_Ten
Northwestern State,2024,IAA,Southland
Notre Dame,2024,IA,Indep
Ohio,2024,IA,MAC
Ohio State,2024,IA,Big_Ten
Oklahoma,2024,IA,SEC
Oklahoma State,2024,IA,Big_12
Old Dominion,2024,IA,Sun_Belt
Oregon,2024,IA,Big_Ten
Oregon State,2024,IA,PAC_12
Penn State,2024,IA,Big_Ten
Pennsylvania,2024,IAA,Ivy
Pittsburgh,2024,IA,ACC
Portland State,2024,IAA,Big_Sky
Prairie View,2024,IAA,SWAC
Presbyterian,2024,IAA,Pioneer
Princeton,2024,IAA,Ivy
Purdue,2024,IA,Big_Ten
Rhode Island,2024,IAA,Colonial
Rice,2024,IA,American
Richmond,2024,IAA,Colonial
Robert Morris,2024,IAA,BigSouth_OhioV
Rutgers,2024,IA,Big_Ten
Sacramento State,2024,IAA,Big_Sky
Sacred Heart,2024,IAA,NE
Saint Francis - Pennsylvania,2024,IAA,NE
Saint Thomas - Minnesota,2024,IAA,Pioneer
Samford,2024,IAA,Southern
Sam Houston State,2024,IA,CUSA
San Diego,2024,IAA,Pioneer
San Diego State,2024,IA,MWC
San Jose State,2024,IA,MWC
South Alabama,2024,IA,Sun_Belt
South Carolina,2024,IA,SEC
South Carolina State,2024,IAA,MEAC
South Dakota,2024,IAA,Missouri_V
South Dakota State,2024,IAA,Missouri_V
Southeast Louisiana,2024,IAA,Southland
Southeast Missouri State,2024,IAA,BigSouth_OhioV
Southern California,2024,IA,Big_Ten
Southern,2024,IAA,SWAC
Southern Illinois,2024,IAA,Missouri_V
Southern Methodist,2024,IA,ACC
Southern Mississippi,2024,IA,Sun_Belt
Southern Utah,2024,IAA,ASUN_WAC
South Florida,2024,IA,American
Stanford,2024,IA,ACC
Stephen F. Austin,2024,IAA,ASUN_WAC
Stetson,2024,IAA,Pioneer
Stonehill,2024,IAA,NE
Stony Brook,2024,IAA,Colonial
Syracuse,2024,IA,ACC
Tarleton State,2024,IAA,ASUN_WAC
Temple,2024,IA,American
Tennessee,2024,IA,SEC
Tennessee - Chattanooga,2024,IAA,Southern
Tennessee - Martin,2024,IAA,BigSouth_OhioV
Tennessee State,2024,IAA,BigSouth_OhioV
Tennessee Tech,2024,IAA,BigSouth_OhioV
Texas,2024,IA,SESEC
Texas A&M,2024,IA,SEC
Texas A&M-Commerce,2024,IAA,Southland
Texas Christian,2024,IA,Big_12
Texas - El Paso,2024,IA,CUSA
Texas - San Antonio,2024,IA,American
Texas Southern,2024,IAA,SWAC
Texas State - San Marcos,2024,IA,Sun_Belt
Texas Tech,2024,IA,Big_12
The Citadel,2024,IAA,Southern
Toledo,2024,IA,MAC
Towson,2024,IAA,Colonial
Troy State,2024,IA,Sun_Belt
Tulane,2024,IA,American
Tulsa,2024,IA,American
Utah,2024,IA,Big_12
Utah State,2024,IA,MWC
Utah Tech,2024,IAA,ASUN_WAC
Valparaiso,2024,IAA,Pioneer
Vanderbilt,2024,IA,SEC
Villanova,2024,IAA,Colonial
Virginia,2024,IA,ACC
Virginia Military,2024,IAA,Southern
Virginia Tech,2024,IA,ACC
Wagner,2024,IAA,NE
Wake Forest,2024,IA,ACC
Washington,2024,IA,Big_Ten
Washington State,2024,IA,PAC_12
Weber State,2024,IAA,Big_Sky
Western Carolina,2024,IAA,Southern
Western Illinois,2024,IAA,Missouri_V
Western Kentucky,2024,IA,CUSA
Western Michigan,2024,IA,MAC
West Virginia,2024,IA,Big_12
William & Mary,2024,IAA,Colonial
Wisconsin,2024,IA,Big_Ten
Wofford,2024,IAA,Southern
Wyoming,2024,IA,MWC
Yale,2024,IAA,Ivy
Youngstown State,2024,IAA,Missouri_V
